                  epoch,         train/box_loss,         train/cls_loss,         train/dfl_loss,   metrics/precision(B),      metrics/recall(B),       metrics/mAP50(B),    metrics/mAP50-95(B),           val/box_loss,           val/cls_loss,           val/dfl_loss,                 lr/pg0,                 lr/pg1,                 lr/pg2
                      1,                 3.1817,                 4.3695,                 4.0954,                0.60725,                 0.0761,                0.00416,                0.00093,                 3.2886,                 15.951,                 4.2006,              0.0002549,              0.0002549,              0.0002549
                      2,                 2.7411,                 3.6724,                 3.4231,                 0.8223,                0.03333,                0.02591,                0.00507,                 2.7091,                 4.5256,                 3.3633,             0.00041001,             0.00041001,             0.00041001
                      3,                 2.3033,                 3.2502,                 2.9148,                0.27737,                  0.119,                0.06577,                0.01879,                 2.6076,                 3.8452,                 3.2636,             0.00046361,             0.00046361,             0.00046361
                      4,                  1.999,                 2.7651,                 2.5803,                0.20338,                0.16593,                0.19317,                0.08644,                 2.0278,                  3.045,                 2.7199,             0.00031221,             0.00031221,             0.00031221
                      5,                 1.8078,                 2.4557,                 2.3775,                0.42978,                0.18978,                0.20989,                0.10213,                 1.7292,                 2.9429,                 2.3657,             0.00031221,             0.00031221,             0.00031221
